U,v_air,RPM
0,0,0
1,0,271.5
2,0,671
3,0.5,1042
4,1.1000000000000001,1344
5,1.5,1625
6,1.8999999999999999,1859
7,2.5,1726.5
8,2.8999999999999999,2355.5
9,3.2999999999999998,2539.5
10,3.5,2742.5
11,3.8999999999999999,2876.5
12,4.2000000000000002,3017.5
