U_out,RPM,v_air
0,0,0
0,0,0
0,0,0
0,0,0.5
0,0,1.1000000000000001
0,0,1.5
0,0,1.8999999999999999
0.061499999999999999,57,2.5
0.17999999999999999,184.065,2.8999999999999999
0.35749999999999998,293.75,3.2999999999999998
0.57999999999999996,521.5,3.5
1.7250000000000001,1681.2,3.8999999999999999
1.806,1920,4.2000000000000002
